{
    "rmse": 0.6899699197600706,
    "mae": 0.5493334065184857,
    "r2": 0.2478660383743132
}